{"bicubic": {"mse": [0.0014456467653638592, 0.04366138646119917, 0.012327870750144167, 0.0050509375125978116, 0.006017719288829251, 0.0027348146978113247, 0.025590858325659667, 0.005341920657738435, 0.002164862339706245, 0.007519941762777425, 0.003333818807609923, 0.04520333064022772, 0.03548374675938684, 0.0037781667591736826, 0.00815442092507366, 0.004405807561695146, 0.024214207292727885, 0.016463241519814646, 0.019983608252931738, 0.01087321696188875, 0.005938153546667964, 0.009441961358927302, 0.0019937123645301213, 0.006139791118161991, 0.03188080857436891, 0.02799071207063204, 0.0045195513970919185, 0.002858176857065637, 0.018900020118840077, 0.004672201553773663], "ssim": [0.7126614895985347, 0.11687130332825128, 0.44228326770751536, 0.2758215991990188, 0.35352237844925416, 0.6010453945469476, 0.1243524897703991, 0.4739722735359879, 0.5189422883451238, 0.26280437655502586, 0.5394110512512572, 0.09794186865152564, 0.14127812798839165, 0.3677333975657876, 0.27663999326661237, 0.431018971800587, 0.1282818772286088, 0.13196705958712499, 0.21667855106164996, 0.2989233098478845, 0.2730548425200688, 0.2728160786996216, 0.48105476939378106, 0.17933302354116715, 0.08727430012150826, 0.11836843835397425, 0.4374664822719652, 0.43126408825833035, 0.17122525462080881, 0.5693591647009194], "psnr": [28.39937811186637, 13.599024774475906, 19.09111927566197, 22.96628004305276, 22.205680748471586, 25.63072094721538, 15.919151474912336, 22.723025667381343, 26.645697145562217, 21.23785522733137, 24.770580076854433, 13.448295646270784, 14.499705288906172, 24.227188772795543, 20.886068743508027, 23.559744760275308, 16.15929744004565, 17.834846505594736, 16.993260925436807, 19.63641946060778, 22.263485767621276, 20.24937781244203, 27.003374977334964, 22.118464037403843, 14.964706723783888, 15.529860531446765, 23.449046703736315, 25.439109016222723, 17.235377335253496, 23.304784304924834], "flux_error": [1.2029184537382933, 3.870591483865101, 2.08073379580417, 4.1888719941466, 2.06782124699439, 1.2658771724678244, 5.4391539779494495, 1.456137912063993, 1.924310343190679, 3.9301794898362465, 1.2467550032431378, 8.747341947727433, 2.5220782148319847, 2.680413567330837, 3.244794211356659, 0.6039394340260721, 7.377399857251406, 6.999356363725615, 3.138485313091687, 2.6671483783583163, 4.046876995302569, 2.6825640329129197, 1.8938312081646582, 8.38342571969795, 6.978353929768709, 5.238606987708343, 2.1198139222377277, 2.0243201103501254, 3.72257989043519, 1.222024602789195]}, "scratch": {"mse": [0.00012128103108934392, 0.0016408274458185792, 0.0008697512693267044, 0.00027996236897365586, 0.0006510972994500126, 0.0006306464186709866, 0.0005574292467455944, 0.0010965546746473645, 0.000204990550543099, 0.00015307953863203294, 0.000686289529669931, 0.0016699410919104167, 0.0007233084154185719, 0.00016898473043772285, 0.0003383770252755458, 0.004194080265114567, 0.0012256829983389671, 0.0003886705469212474, 0.0013180119643274233, 0.0008010769177764282, 0.00025278393607811, 0.0003670669363760158, 0.0003653881789363719, 0.0004398363656416622, 0.0006663408599984906, 0.0004675890461159994, 0.0002588294030535422, 0.0006916187676258374, 0.00022497586323962887, 0.0009369882780485362], "ssim": [0.9379440504027828, 0.7903162305778056, 0.8368640385007233, 0.8679228594299314, 0.883158998798098, 0.8459118829469191, 0.8686364055623138, 0.7952203687257918, 0.9070382080769416, 0.955130273720292, 0.8264434974013459, 0.6121128286144889, 0.7846558954146349, 0.950982674262003, 0.9291939831041189, 0.4608284681737777, 0.7623421442803808, 0.7950542394948548, 0.8879709451774559, 0.9208518010881692, 0.8632223062357164, 0.9020888995942385, 0.9376819662648814, 0.7195225303480647, 0.7350973299443563, 0.8850038274692777, 0.9380927564229675, 0.9233470181281331, 0.9338729697416096, 0.7958142830256958], "psnr": [39.162071194749764, 27.84937088215098, 30.606049287647007, 35.52900340248515, 31.863541059684003, 32.00214066206677, 32.53810248814304, 29.59969709352919, 36.882661581714416, 38.1508285537009, 31.634926268433507, 27.772988485586897, 31.40676482022215, 37.72152536725034, 34.70599131846892, 23.773632623869396, 29.1162183803445, 34.10418368538329, 28.800806473916328, 30.963257818407644, 35.97250528072803, 34.35254732892198, 34.37245507081313, 33.56708866051653, 31.763035549927157, 33.301356713063875, 35.8698638929173, 31.601332303117196, 36.478640731069966, 30.28265842207933], "flux_error": [0.2969648781964845, 0.3461581660491703, 0.18504266111107245, 0.408342983761605, 0.30437063674056436, 0.396422091269026, 0.4588773084594444, 0.42301668571022577, 0.0010105091084186746, 0.15708474143976556, 0.4186851540342572, 1.4793541925657623, 0.03263990044808718, 0.002770571186067674, 0.015159373168546507, 0.6576245316082201, 0.8814813032309667, 0.7690098940864064, 0.04856866931332528, 0.09949608168738369, 0.3980343302140787, 0.18887005287663744, 0.2118074104602251, 1.6905970345403605, 0.8071234502028063, 0.40015840221901894, 0.22864989070974998, 0.21116978190337748, 0.020416322533492674, 0.41843817160877]}, "finetuned": {"mse": [0.00015081715736441027, 0.001722715883923115, 0.0009259987794494052, 0.00027433233167133836, 0.00047794362469222513, 0.0004968364117313801, 0.000755918409251826, 0.00093471350901554, 0.00019516698964522006, 0.0001783114289265309, 0.0006906673648950958, 0.001995904525860603, 0.0008269016374549437, 0.00014447030157552283, 0.00028130703161398694, 0.0037527690049292675, 0.0012380042438053618, 0.0004971473283211807, 0.0012395961590187647, 0.0007496649988467314, 0.0002915622707987071, 0.00034601341598936, 0.0002920100472400187, 0.0006658914562441055, 0.001086988111219544, 0.0007019205669394111, 0.00020689468996116765, 0.0005716720399747885, 0.00030782887881876766, 0.0008972196104382483], "ssim": [0.8403504839409418, 0.7437888273767875, 0.8252629941779307, 0.912800257488125, 0.8881424398346864, 0.8110571982031278, 0.790336282030398, 0.8064253238018764, 0.9545839228592548, 0.9475500632681167, 0.7999659109349077, 0.565234539933895, 0.7341031233434901, 0.9723660773094712, 0.9344111399783204, 0.4949132216436958, 0.7028243385060816, 0.7511405700455073, 0.8616586829886013, 0.9140681644379405, 0.9089868046743028, 0.8969743993002677, 0.9423908640070214, 0.7845128687757417, 0.6352675300246539, 0.8016085306600355, 0.9294762572772256, 0.9380578521481993, 0.8848456684095727, 0.7992638758907258], "psnr": [38.21549249150405, 27.63786341947678, 30.333895857573072, 35.61723005231833, 33.2062332708869, 33.037865834543815, 31.21525077943186, 30.293214805920726, 37.09593636604086, 37.48820819692543, 31.60731064597335, 26.998602370384283, 30.825461480667784, 38.402214206408075, 35.50819411976333, 24.256481669943277, 29.07277866577539, 33.0351489014946, 29.067197781245426, 31.25132765481185, 35.35268675978408, 34.609070619667854, 35.34602205449423, 31.76596557310254, 29.63775205922891, 31.537120321604682, 36.84250655540921, 32.42853048264314, 35.11690639464548, 30.471012426547812], "flux_error": [0.3963528250961385, 0.3829514811104819, 0.15088150838269426, 0.3810473042554368, 0.2636838266266472, 0.3918748628015728, 0.6473018868293886, 0.3916350620324037, 0.12712022045763796, 0.20075233554850247, 0.42927261665773536, 1.6472028824894098, 0.0011315101834751056, 0.05393058863084634, 0.06606054398668994, 0.6189390046677314, 1.0855878598573065, 0.9159404292828373, 0.12750897944397235, 0.04045460196442286, 0.34992308166430375, 0.12198656163843269, 0.27255919342601675, 1.6177334889739543, 1.093415413690066, 0.6031810668572518, 0.2300949540085354, 0.23632525501094476, 0.1570893056295817, 0.3989077028517469]}}