{"train_loss": [0.006111760749999019, 0.005071300645669301, 0.004987870326058732, 0.004980211546437608, 0.0049275975910325846, 0.004913431241694424, 0.004902733787066407, 0.004898034527483913, 0.004896169878128502, 0.00489529864779777, 0.00489499438719617, 0.004895492614143425, 0.0048940542245076765, 0.004892940144158072, 0.004894163036098083, 0.004891860239621666, 0.004891221346540584, 0.004892207106368409, 0.004891917681942384, 0.004890448918773068, 0.004890466836591561, 0.004889156357695659, 0.004890348041223155, 0.004888378392491076, 0.004884417735040188, 0.004879872073729833, 0.004880236026727491, 0.004879734010746081, 0.00487986785463161, 0.00488079961679048, 0.0048797441749937, 0.004879283554852009, 0.004880251242054833, 0.004880085263815191, 0.00487915835570958, 0.004879830986261368, 0.004879432373990615, 0.004879390112641785, 0.004879533930371205, 0.004878816465950674, 0.004879876444323195, 0.0048784448011881774, 0.004878843260722028, 0.004878225372483333, 0.00487909099418256, 0.004877994041475985, 0.0048778170144392384, 0.004875078152865172, 0.004874988733480374, 0.004875039445029364, 0.00487501859664917, 0.004875073141521877, 0.004874937898168961, 0.00487498932166232, 0.004874835598385996, 0.004874862968093819, 0.004874748395135005, 0.004873357542273071, 0.004873349773801035, 0.004873351930330197, 0.004873335567613443, 0.004873311631795433, 0.004873302711794774, 0.004873250600364473, 0.004872590304248863, 0.004872595701780584, 0.004872569750580522, 0.004872576122068696, 0.0048725581632720096, 0.004872558906260464, 0.004872548713452286, 0.004872529865966903, 0.004872534952643844, 0.004872494634240865, 0.004872488773531384, 0.004872470163222817, 0.00487214345484972, 0.004872142829828792, 0.004872149635520246, 0.004872141761084398, 0.004872140275107489, 0.004872138689375586, 0.00487204749054379, 0.004872000590794616, 0.004871987803528707, 0.00487198087407483, 0.004871982168820169, 0.004871974445051617, 0.00487190401678284, 0.004871898932175504, 0.0048719065545333754, 0.0048718993109133505, 0.004871887088235881, 0.004871891698075666, 0.00487185898092058, 0.004871854018006059, 0.004871864693860213, 0.004871858683725198, 0.004871849572906891, 0.004871876297311651], "val_loss": [0.005150847657117993, 0.005005587843479589, 0.005134936024900526, 0.00494830585597083, 0.004906345257302746, 0.004913698734948411, 0.004902428538305685, 0.004894417644711211, 0.0048975819621700795, 0.004892606114037335, 0.004896545971743762, 0.004889773768140003, 0.004886598548619076, 0.004885612575337291, 0.0048908916825894265, 0.00489093648432754, 0.004889731291914359, 0.004886390898609534, 0.0048813931576441975, 0.0048946501568425445, 0.004886173576815054, 0.0048825463459361345, 0.004909126764396206, 0.0048889888538979, 0.004883636763086542, 0.0048807149252388625, 0.004881787444464863, 0.0048776210246142, 0.0048794689776841555, 0.004877333321608603, 0.004877343475818634, 0.004879564770730213, 0.0048829842149280015, 0.004877103634411469, 0.004877879579784349, 0.004876706845127046, 0.004876634225714951, 0.004879388947738334, 0.004876710119424388, 0.0048756035487167535, 0.004875017333310097, 0.00487640215922147, 0.004875876737758517, 0.004876773221418261, 0.0048759626848623155, 0.004876617960631847, 0.004881812694715336, 0.004875701552024111, 0.004875513340579346, 0.004874878001632169, 0.004873719426104799, 0.004875744881806895, 0.004876023361692205, 0.004873857678379863, 0.004874479711288586, 0.004873834405560046, 0.00487364890333265, 0.0048724397439509634, 0.0048729061859194185, 0.004873154963133857, 0.004873223297065124, 0.004873050898779183, 0.004872434093384072, 0.00487284677173011, 0.00487202683580108, 0.004872000882634893, 0.004872323291609064, 0.004872296941466629, 0.004872190555324778, 0.0048719436519313606, 0.004872117393417284, 0.0048722410472109914, 0.004872127452865243, 0.004872070533921942, 0.004871939292410389, 0.004871859095757827, 0.004871781818103045, 0.004871784096583724, 0.004871777610620484, 0.004871661592507735, 0.004871719867689535, 0.004871781805064529, 0.004871638413053006, 0.004871630033943802, 0.004871627216693014, 0.004871598856290803, 0.0048715489422902465, 0.004871545974630863, 0.004871499088825658, 0.004871501655317843, 0.004871515326434746, 0.004871513416524977, 0.004871508232550696, 0.004871481716400013, 0.004871475731255487, 0.004871474910061806, 0.004871466430369765, 0.004871465851552784, 0.0048714629500173036, 0.004871470729121938], "val_psnr": [42.110992748501374, 42.27845267938747, 42.26133228701542, 42.31219420599063, 42.34376381200096, 42.33747904086194, 42.34475315852571, 42.3490394873779, 42.3485314204654, 42.35323890082819, 42.354436583483704, 42.35529400906466, 42.3589297169814, 42.36108707287582, 42.35698153707634, 42.35993586180845, 42.36239968403168, 42.36292906744017, 42.364070795544286, 42.36262169685957, 42.364364564416064, 42.36456932677135, 42.35933208231018, 42.36290107842632, 42.366250259097775, 42.366602079719385, 42.36853458094724, 42.36806934510726, 42.36733687796011, 42.36762218307669, 42.367177902077074, 42.368250670516275, 42.367669462541535, 42.36841439332213, 42.36788279704149, 42.36938358010727, 42.369043548075695, 42.36846444039058, 42.36967119380593, 42.36935649466327, 42.368568882120854, 42.37008060925025, 42.36991028828226, 42.37023985312572, 42.370693760602705, 42.37070266480267, 42.370092740591524, 42.37170646731852, 42.37154452907652, 42.371436164178164, 42.37183403972062, 42.37098984291264, 42.371361275444386, 42.37155075766363, 42.37220515741783, 42.372401078342214, 42.37152541942813, 42.37284490922248, 42.372832746827136, 42.373225606367406, 42.37265380131564, 42.3728699479522, 42.37317025374908, 42.37269668520442, 42.3734333348177, 42.373726422182855, 42.37347927935893, 42.373533186362735, 42.373588383846084, 42.37364937876149, 42.37362420785778, 42.37368176818998, 42.37373093624138, 42.37376598348533, 42.373615077283, 42.37387346986345, 42.374041738470304, 42.37401787508369, 42.373866133974296, 42.374029014963526, 42.37396260206656, 42.37405594187484, 42.37411458585899, 42.3740622180045, 42.37408825463625, 42.37410721631184, 42.37414083242463, 42.37418009190402, 42.37423200010396, 42.37421000534773, 42.37415878807343, 42.374222458915206, 42.374209036348084, 42.37425301793033, 42.37425521940524, 42.37428294680178, 42.37428204849911, 42.374227229726145, 42.37426803287389, 42.37426433664017],