{"s1": {"train_loss": [0.06156598406809348, 0.04196006859894152, 0.03401359838468057, 0.028471889995314456, 0.02647695886316123, 0.025914953152338664, 0.025809127395903624, 0.025329676049726982, 0.025228658235735363, 0.02508178768610513, 0.024885325492532164, 0.024851445219031088, 0.024805001873109075, 0.02471839244718905, 0.024664276410584097, 0.024680746015575197, 0.024608575773459894, 0.024499089077666954, 0.024733844509831182, 0.024450259214198147], "val_loss": [0.06530087885136406, 0.04462614034612974, 0.03623893766974409, 0.030230768490582705, 0.02848252815504869, 0.02932879390815894, 0.02797807057698568, 0.027088663168251516, 0.026995710159341494, 0.027602157555520535, 0.02682934415837129, 0.026406414713710545, 0.02711433367803693, 0.026634103773782652, 0.026258923454831044, 0.026108432607725263, 0.026402644425009687, 0.026092697928349177, 0.025852295042326053, 0.02626076970870296], "val_psnr": [24.725770314448955, 28.11791596857433, 29.496343880439305, 30.7081446089257, 31.370103156025834, 31.41927091902632, 31.813964779474322, 32.11401333327299, 32.18428590401025, 32.11754057737299, 32.34224859982901, 32.50473205225611, 32.35223644287272, 32.4688640738003, 32.54699225783168, 32.613784252671394, 32.552390265944155, 32.632665791297974, 32.720674274623924, 32.61654993054883], "val_ssim": [0.5514448456975184, 0.6586798849752403, 0.7218373144533683, 0.7756311600345914, 0.7913875792095187, 0.7821456959022343, 0.8001853094041106, 0.8088668975812127, 0.8104619344534714, 0.8033180354051458, 0.8130390258028928, 0.8178706402715854, 0.810192442673435, 0.8167741767817362, 0.8198885672259393, 0.8222673940288435, 0.8202655945098247, 0.8216221045937471, 0.8228157045475337, 0.8221728599338888]}, "s2": {"train_loss": [0.1539828399817149, 0.1219399857852194, 0.09844731754726833, 0.0803827291837445, 0.067166593781224, 0.05782521066290361, 0.05173795664751971, 0.04857403310360732, 0.046115559725849714], "val_loss": [0.02560959312443932, 0.029379294471194348, 0.02978869155049324, 0.027237242739647626, 0.028482843345652025, 0.0279135107062757, 0.02864071459819873, 0.028941549733281134, 0.02974377004429698], "val_psnr": [32.72746552960988, 31.88108138744145, 31.743320335306723, 32.17054962081518, 31.911823006962166, 31.969362294877712, 31.83792202456734, 31.756348203019186, 31.62227910151252], "val_ssim": [0.8265385919527263, 0.776968804489542, 0.7717341454242486, 0.8059793983245115, 0.7940821187714111, 0.7998281443163299, 0.7942200881065135, 0.7890375324323464, 0.7798222085857419]}, "s3": {"train_loss": [0.13287648691071405, 0.12626269415572838, 0.12035170793533326, 0.11492991160463403, 0.1099453044158441, 0.10510565197026288, 0.10051144107624337, 0.09656910664505429, 0.09278338264535975, 0.08930670127824501, 0.08600995623403125, 0.08327033933666017], "val_loss": [0.02629990264152487, 0.02596208266913891, 0.026438682433217765, 0.026518885636081298, 0.026147193430612486, 0.027883667250474295, 0.02677033031359315, 0.026837214827537537, 0.026672123248378435, 0.02683159727603197, 0.02742948234081268, 0.027374553432067236], "val_psnr": [32.593287522160736, 32.613729785653824, 32.51543085022738, 32.491029547070056, 32.51529015839328, 32.14974490308825, 32.37349426353964, 32.35276616264264, 32.353215175362365, 32.32386699487549, 32.21097204855166, 32.210506154848765], "val_ssim": [0.8192794342390466, 0.8237466441785408, 0.8187342759513361, 0.8180204405911188, 0.8217372705272894, 0.7922485426400013, 0.813459330985894, 0.8142722163258627, 0.8151500155894383, 0.8142744699164933, 0.8058007796931677, 0.807101565448425]}}