{
  "train_loss": [
    0.00608,
    0.00505,
    0.00503,
    0.00501,
    0.00497,
    0.00497,
    0.00497,
    0.00494,
    0.00493,
    0.00493,
    0.004925,
    0.00492,
    0.00492,
    0.00492,
    0.00492,
    0.00491,
    0.00491,
    0.00491,
    0.00491,
    0.00491,
    0.004903,
    0.004897,
    0.00489,
    0.00489,
    0.00489,
    0.004888,
    0.004886,
    0.004884,
    0.004882,
    0.00488,
    0.00488,
    0.00488,
    0.00488,
    0.00488,
    0.00488,
    0.00488,
    0.00488,
    0.00488,
    0.00488,
    0.00488,
    0.00488,
    0.00488,
    0.00488,
    0.00488,
    0.00488,
    0.004877,
    0.004875,
    0.004873,
    0.00487,
    0.00487,
    0.00487,
    0.00487,
    0.00487,
    0.00487,
    0.00487,
    0.00487,
    0.00487,
    0.00487,
    0.00487,
    0.00487,
    0.00487,
    0.00487,
    0.00487,
    0.00487,
    0.00487,
    0.00487,
    0.00487,
    0.00487,
    0.00487,
    0.00487,
    0.00487,
    0.00487,
    0.00487,
    0.00487,
    0.00487,
    0.00487,
    0.00487,
    0.00487,
    0.00487,
    0.00487,
    0.00487,
    0.00487,
    0.00487,
    0.00487,
    0.00487,
    0.00487,
    0.00487,
    0.00487,
    0.00487,
    0.00487,
    0.00487,
    0.00487,
    0.00487,
    0.00487,
    0.00487,
    0.00487,
    0.00487,
    0.00487,
    0.00487,
    0.00487
  ],
  "val_loss": [
    0.00511,
    0.005,
    0.004995,
    0.00499,
    0.00498,
    0.004965,
    0.00495,
    0.00492,
    0.00492,
    0.00493,
    0.004915,
    0.0049,
    0.004897,
    0.004893,
    0.00489,
    0.00489,
    0.0049,
    0.00491,
    0.00492,
    0.00493,
    0.004913,
    0.004897,
    0.00488,
    0.00488,
    0.00488,
    0.00488,
    0.00488,
    0.00488,
    0.00488,
    0.00488,
    0.00488,
    0.00488,
    0.00488,
    0.00488,
    0.00488,
    0.00488,
    0.00488,
    0.00488,
    0.00488,
    0.00488,
    0.00488,
    0.00488,
    0.00488,
    0.00488,
    0.00488,
    0.004877,
    0.004875,
    0.004873,
    0.00487,
    0.00487,
    0.00487,
    0.00487,
    0.00487,
    0.00487,
    0.00487,
    0.00487,
    0.00487,
    0.00487,
    0.00487,
    0.00487,
    0.00487,
    0.00487,
    0.00487,
    0.00487,
    0.00487,
    0.00487,
    0.00487,
    0.00487,
    0.00487,
    0.00487,
    0.00487,
    0.00487,
    0.00487,
    0.00487,
    0.00487,
    0.00487,
    0.00487,
    0.00487,
    0.00487,
    0.00487,
    0.00487,
    0.00487,
    0.00487,
    0.00487,
    0.00487,
    0.00487,
    0.00487,
    0.00487,
    0.00487,
    0.00487,
    0.00487,
    0.00487,
    0.00487,
    0.00487,
    0.00487,
    0.00487,
    0.00487,
    0.00487,
    0.00487,
    0.00487
  ],
  "val_psnr": [
    42.15,
    42.28,
    42.295,
    42.31,
    42.31,
    42.32,
    42.33,
    42.35,
    42.35,
    42.34,
    42.35,
    42.36,
    42.36,
    42.36,
    42.36,
    42.36,
    42.3575,
    42.355,
    42.3525,
    42.35,
    42.356667,
    42.363333,
    42.37,
    42.37,
    42.37,
    42.37,
    42.37,
    42.37,
    42.37,
    42.37,
    42.37,
    42.37,
    42.37,
    42.37,
    42.37,
    42.37,
    42.37,
    42.37,
    42.37,
    42.37,
    42.37,
    42.37,
    42.37,
    42.37,
    42.37,
    42.37,
    42.37,
    42.37,
    42.37,
    42.37,
    42.37,
    42.37,
    42.37,
    42.37,
    42.37,
    42.37,
    42.37,
    42.37,
    42.37,
    42.37,
    42.37,
    42.37,
    42.37,
    42.37,
    42.37,
    42.37,
    42.37,
    42.37,
    42.37,
    42.37,
    42.37,
    42.37,
    42.37,
    42.37,
    42.37,
    42.37,
    42.37,
    42.37,
    42.37,
    42.37,
    42.37,
    42.37,
    42.37,
    42.37,
    42.37,
    42.37,
    42.37,
    42.37,
    42.37,
    42.37,
    42.37,
    42.37,
    42.37,
    42.37,
    42.37,
    42.37,
    42.37,
    42.37,
    42.37,
    42.37
  ],
  "val_ssim": [
    0.9762,
    0.9772,
    0.97715,
    0.9771,
    0.9772,
    0.97735,
    0.9775,
    0.9777,
    0.9776,
    0.9775,
    0.9776,
    0.9777,
    0.9777,
    0.9777,
    0.9777,
    0.9777,
    0.977675,
    0.97765,
    0.977625,
    0.9776,
    0.977633,
    0.977667,
    0.9777,
    0.9777,
    0.9777,
    0.9777,
    0.9777,
    0.9777,
    0.9777,
    0.9777,
    0.9777,
    0.9777,
    0.9777,
    0.9777,
    0.9777,
    0.9777,
    0.9777,
    0.9777,
    0.9777,
    0.9777,
    0.9777,
    0.9777,
    0.9777,
    0.9777,
    0.9777,
    0.9777,
    0.9777,
    0.9777,
    0.9777,
    0.9777,
    0.9777,
    0.9777,
    0.9777,
    0.9777,
    0.9777,
    0.9777,
    0.9777,
    0.9777,
    0.9777,
    0.9777,
    0.9777,
    0.9777,
    0.9777,
    0.9777,
    0.9777,
    0.977725,
    0.97775,
    0.977775,
    0.9778,
    0.9777,
    0.9777,
    0.977725,
    0.97775,
    0.977775,
    0.9778,
    0.9778,
    0.9778,
    0.9778,
    0.9778,
    0.9778,
    0.9778,
    0.9778,
    0.9778,
    0.9778,
    0.9778,
    0.9778,
    0.9778,
    0.9778,
    0.9778,
    0.9778,
    0.9778,
    0.9778,
    0.9778,
    0.9778,
    0.9778,
    0.9778,
    0.9778,
    0.9778,
    0.9778,
    0.9778
  ]
}